Part_ID,Date,Time,Level,Throw Number,Error,Success(Y/N),Time Stamp
366,07/20,7/20/2020 7:34:32 PM,Practice,1,0.8070681,No,7/20/2020 7:34:32 PM
366,07/20,7/20/2020 7:34:35 PM,Practice,2,0.7298802,No,7/20/2020 7:34:35 PM
366,07/20,7/20/2020 7:34:38 PM,Practice,3,1.496138,No,7/20/2020 7:34:38 PM
366,07/20,7/20/2020 7:34:41 PM,Practice,4,0.3600885,No,7/20/2020 7:34:41 PM
366,07/20,7/20/2020 7:34:44 PM,Practice,5,0.9611313,No,7/20/2020 7:34:44 PM
366,07/20,7/20/2020 7:34:47 PM,Practice,6,0.9611313,Yes,7/20/2020 7:34:47 PM
366,07/20,7/20/2020 7:34:50 PM,Practice,7,0.9611313,Yes,7/20/2020 7:34:50 PM
366,07/20,7/20/2020 7:34:53 PM,Practice,8,0.5091797,No,7/20/2020 7:34:53 PM
366,07/20,7/20/2020 7:34:57 PM,Practice,9,0.6948653,No,7/20/2020 7:34:57 PM
366,07/20,7/20/2020 7:35:00 PM,Practice,10,0.4064615,No,7/20/2020 7:35:00 PM
367,07/20,7/20/2020 7:45:24 PM,Practice,1,1.431839,No,7/20/2020 7:45:24 PM
367,07/20,7/20/2020 7:45:27 PM,Practice,2,1.431839,Yes,7/20/2020 7:45:27 PM
367,07/20,7/20/2020 7:45:30 PM,Practice,3,0.4139819,No,7/20/2020 7:45:30 PM
367,07/20,7/20/2020 7:45:33 PM,Practice,4,0.9702395,No,7/20/2020 7:45:33 PM
367,07/20,7/20/2020 7:45:36 PM,Practice,5,0.2805102,No,7/20/2020 7:45:36 PM
367,07/20,7/20/2020 7:45:39 PM,Practice,6,0.6445315,No,7/20/2020 7:45:39 PM
367,07/20,7/20/2020 7:45:42 PM,Practice,7,0.7973974,No,7/20/2020 7:45:42 PM
367,07/20,7/20/2020 7:45:45 PM,Practice,8,0.7973974,Yes,7/20/2020 7:45:45 PM
367,07/20,7/20/2020 7:45:49 PM,Practice,9,1.714118,No,7/20/2020 7:45:49 PM
367,07/20,7/20/2020 7:45:52 PM,Practice,10,1.003954,No,7/20/2020 7:45:52 PM
369,07/20,7/20/2020 7:46:38 PM,Practice,1,1.205815,No,7/20/2020 7:46:38 PM
369,07/20,7/20/2020 7:46:41 PM,Practice,2,0.7161933,No,7/20/2020 7:46:41 PM
369,07/20,7/20/2020 7:46:44 PM,Practice,3,0.3611418,No,7/20/2020 7:46:44 PM
369,07/20,7/20/2020 7:46:47 PM,Practice,4,1.747843,No,7/20/2020 7:46:47 PM
369,07/20,7/20/2020 7:46:51 PM,Practice,5,1.082431,No,7/20/2020 7:46:51 PM
369,07/20,7/20/2020 7:46:54 PM,Practice,6,0.6623498,No,7/20/2020 7:46:54 PM
369,07/20,7/20/2020 7:46:57 PM,Practice,7,1.423041,No,7/20/2020 7:46:57 PM
369,07/20,7/20/2020 7:47:00 PM,Practice,8,0.3955637,No,7/20/2020 7:47:00 PM
369,07/20,7/20/2020 7:47:03 PM,Practice,9,0.2963756,No,7/20/2020 7:47:03 PM
369,07/20,7/20/2020 7:47:07 PM,Practice,10,0.2963756,Yes,7/20/2020 7:47:07 PM
370,07/20,7/20/2020 7:50:48 PM,Practice,1,1.048577,No,7/20/2020 7:50:48 PM
370,07/20,7/20/2020 7:50:51 PM,Practice,2,1.048577,Yes,7/20/2020 7:50:51 PM
370,07/20,7/20/2020 7:50:54 PM,Practice,3,0.4427494,No,7/20/2020 7:50:54 PM
370,07/20,7/20/2020 7:50:58 PM,Practice,4,1.478916,No,7/20/2020 7:50:58 PM
370,07/20,7/20/2020 7:51:01 PM,Practice,5,0.3233968,No,7/20/2020 7:51:01 PM
370,07/20,7/20/2020 7:51:03 PM,Practice,6,0.3096246,No,7/20/2020 7:51:03 PM
370,07/20,7/20/2020 7:51:06 PM,Practice,7,0.3800498,No,7/20/2020 7:51:06 PM
370,07/20,7/20/2020 7:51:10 PM,Practice,8,1.452951,No,7/20/2020 7:51:10 PM
370,07/20,7/20/2020 7:51:13 PM,Practice,9,1.558897,No,7/20/2020 7:51:13 PM
370,07/20,7/20/2020 7:51:16 PM,Practice,10,0.6937413,No,7/20/2020 7:51:16 PM
371,07/20,7/20/2020 7:58:39 PM,Practice,1,0,Yes,7/20/2020 7:58:39 PM
371,07/20,7/20/2020 7:58:42 PM,Practice,2,1.544017,No,7/20/2020 7:58:42 PM
371,07/20,7/20/2020 7:58:44 PM,Practice,3,1.544017,Yes,7/20/2020 7:58:44 PM
371,07/20,7/20/2020 7:58:48 PM,Practice,4,1.387337,No,7/20/2020 7:58:48 PM
371,07/20,7/20/2020 7:58:51 PM,Practice,5,1.093583,No,7/20/2020 7:58:51 PM
371,07/20,7/20/2020 7:58:54 PM,Practice,6,0.7446094,No,7/20/2020 7:58:54 PM
371,07/20,7/20/2020 7:59:47 PM,Practice,7,0.7038249,No,7/20/2020 7:59:47 PM
371,07/20,7/20/2020 7:59:50 PM,Practice,8,0.6619449,No,7/20/2020 7:59:50 PM
371,07/20,7/20/2020 7:59:53 PM,Practice,9,1.733748,No,7/20/2020 7:59:53 PM
371,07/20,7/20/2020 7:59:57 PM,Practice,10,1.511059,No,7/20/2020 7:59:57 PM
372,07/20,7/20/2020 1:06:23 PM,Practice,1,0,Yes,7/20/2020 1:06:23 PM
372,07/20,7/20/2020 1:06:26 PM,Practice,2,0,Yes,7/20/2020 1:06:26 PM
372,07/20,7/20/2020 8:06:29 PM,Practice,3,0.7797776,No,7/20/2020 1:06:29 PM
372,07/20,7/20/2020 1:06:31 PM,Practice,4,0.7797776,Yes,7/20/2020 1:06:31 PM
372,07/20,7/20/2020 8:06:34 PM,Practice,5,0.3462697,No,7/20/2020 1:06:34 PM
372,07/20,7/20/2020 8:06:37 PM,Practice,6,0.3846,No,7/20/2020 1:06:37 PM
372,07/20,7/20/2020 8:06:40 PM,Practice,7,1.484967,No,7/20/2020 1:06:40 PM
372,07/20,7/20/2020 1:06:43 PM,Practice,8,1.484967,Yes,7/20/2020 1:06:43 PM
372,07/20,7/20/2020 8:06:45 PM,Practice,9,0.7600288,No,7/20/2020 1:06:45 PM
372,07/20,7/20/2020 1:06:48 PM,Practice,10,0.7600288,Yes,7/20/2020 1:06:48 PM
373,07/20,7/20/2020 8:37:52 PM,Practice,1,0.8435143,No,7/20/2020 1:37:52 PM
373,07/20,7/20/2020 1:37:55 PM,Practice,2,0.8435143,Yes,7/20/2020 1:37:55 PM
373,07/20,7/20/2020 8:37:58 PM,Practice,3,0.7360197,No,7/20/2020 1:37:58 PM
373,07/20,7/20/2020 8:38:02 PM,Practice,4,0.6392762,No,7/20/2020 1:38:02 PM
373,07/20,7/20/2020 8:38:05 PM,Practice,5,1.23519,No,7/20/2020 1:38:05 PM
373,07/20,7/20/2020 8:38:08 PM,Practice,6,1.343347,No,7/20/2020 1:38:08 PM
373,07/20,7/20/2020 8:38:11 PM,Practice,7,0.8963967,No,7/20/2020 1:38:11 PM
373,07/20,7/20/2020 1:38:14 PM,Practice,8,0.8963967,Yes,7/20/2020 1:38:14 PM
373,07/20,7/20/2020 8:38:17 PM,Practice,9,1.022195,No,7/20/2020 1:38:17 PM
373,07/20,7/20/2020 8:38:20 PM,Practice,10,0.9114711,No,7/20/2020 1:38:20 PM
374,07/20,7/20/2020 8:38:49 PM,Practice,1,0.8783054,No,7/20/2020 1:38:49 PM
374,07/20,7/20/2020 8:38:51 PM,Practice,2,2.196884,No,7/20/2020 1:38:51 PM
374,07/20,7/20/2020 8:38:53 PM,Practice,3,2.222242,No,7/20/2020 1:38:53 PM
374,07/20,7/20/2020 8:38:55 PM,Practice,4,2.24921,No,7/20/2020 1:38:55 PM
374,07/20,7/20/2020 8:38:57 PM,Practice,5,2.229985,No,7/20/2020 1:38:57 PM
374,07/20,7/20/2020 8:38:59 PM,Practice,6,2.304274,No,7/20/2020 1:38:59 PM
374,07/20,7/20/2020 8:39:02 PM,Practice,7,2.304364,No,7/20/2020 1:39:02 PM
374,07/20,7/20/2020 8:39:04 PM,Practice,8,2.313106,No,7/20/2020 1:39:04 PM
374,07/20,7/20/2020 8:39:06 PM,Practice,9,2.314609,No,7/20/2020 1:39:06 PM
374,07/20,7/20/2020 8:39:08 PM,Practice,10,2.30905,No,7/20/2020 1:39:08 PM
374,07/20,7/20/2020 8:39:13 PM,1,1,0.365421,No,7/20/2020 1:39:13 PM
374,07/20,7/20/2020 8:39:15 PM,1,2,2.165878,No,7/20/2020 1:39:15 PM
374,07/20,7/20/2020 8:39:17 PM,1,3,2.149802,No,7/20/2020 1:39:17 PM
374,07/20,7/20/2020 8:39:20 PM,1,4,0.6946995,No,7/20/2020 1:39:20 PM
374,07/20,7/20/2020 8:39:22 PM,1,5,2.161729,No,7/20/2020 1:39:22 PM
374,07/20,7/20/2020 8:39:25 PM,1,6,2.140135,No,7/20/2020 1:39:25 PM
374,07/20,7/20/2020 8:39:27 PM,1,7,2.154377,No,7/20/2020 1:39:27 PM
374,07/20,7/20/2020 8:39:29 PM,1,8,2.149238,No,7/20/2020 1:39:29 PM
374,07/20,7/20/2020 8:39:31 PM,1,9,2.19939,No,7/20/2020 1:39:31 PM
374,07/20,7/20/2020 8:39:34 PM,1,10,2.279548,No,7/20/2020 1:39:34 PM
374,07/20,7/20/2020 8:39:43 PM,2,1,0.792578,No,7/20/2020 1:39:43 PM
374,07/20,7/20/2020 8:39:45 PM,2,2,3.117664,No,7/20/2020 1:39:45 PM
374,07/20,7/20/2020 8:39:47 PM,2,3,3.142971,No,7/20/2020 1:39:47 PM
374,07/20,7/20/2020 8:39:49 PM,2,4,3.175081,No,7/20/2020 1:39:49 PM
374,07/20,7/20/2020 8:39:51 PM,2,5,3.190567,No,7/20/2020 1:39:51 PM
374,07/20,7/20/2020 8:39:54 PM,2,6,3.208447,No,7/20/2020 1:39:54 PM
374,07/20,7/20/2020 8:39:56 PM,2,7,3.18941,No,7/20/2020 1:39:56 PM
374,07/20,7/20/2020 8:39:58 PM,2,8,3.213011,No,7/20/2020 1:39:58 PM
374,07/20,7/20/2020 8:40:00 PM,2,9,3.194992,No,7/20/2020 1:40:00 PM
374,07/20,7/20/2020 8:40:02 PM,2,10,3.195024,No,7/20/2020 1:40:02 PM
374,07/20,7/20/2020 8:40:08 PM,3,1,2.511497,No,7/20/2020 1:40:08 PM
374,07/20,7/20/2020 8:40:10 PM,3,2,2.58437,No,7/20/2020 1:40:10 PM
374,07/20,7/20/2020 8:40:12 PM,3,3,2.558923,No,7/20/2020 1:40:12 PM
374,07/20,7/20/2020 8:40:14 PM,3,4,2.548705,No,7/20/2020 1:40:14 PM
374,07/20,7/20/2020 8:40:17 PM,3,5,2.584122,No,7/20/2020 1:40:17 PM
374,07/20,7/20/2020 8:40:19 PM,3,6,2.607202,No,7/20/2020 1:40:19 PM
374,07/20,7/20/2020 8:40:21 PM,3,7,2.571158,No,7/20/2020 1:40:21 PM
374,07/20,7/20/2020 8:40:23 PM,3,8,2.568953,No,7/20/2020 1:40:23 PM
374,07/20,7/20/2020 8:40:25 PM,3,9,2.63096,No,7/20/2020 1:40:25 PM
374,07/20,7/20/2020 8:40:27 PM,3,10,2.578465,No,7/20/2020 1:40:27 PM
374,07/20,7/20/2020 8:40:31 PM,4,1,3.488515,No,7/20/2020 1:40:31 PM
374,07/20,7/20/2020 8:40:33 PM,4,2,3.561072,No,7/20/2020 1:40:33 PM
374,07/20,7/20/2020 8:40:35 PM,4,3,3.583058,No,7/20/2020 1:40:35 PM
374,07/20,7/20/2020 8:40:38 PM,4,4,3.595046,No,7/20/2020 1:40:38 PM
374,07/20,7/20/2020 8:40:40 PM,4,5,3.551312,No,7/20/2020 1:40:40 PM
374,07/20,7/20/2020 8:40:42 PM,4,6,3.572032,No,7/20/2020 1:40:42 PM
374,07/20,7/20/2020 8:40:44 PM,4,7,3.591346,No,7/20/2020 1:40:44 PM
374,07/20,7/20/2020 8:40:46 PM,4,8,3.588309,No,7/20/2020 1:40:46 PM
374,07/20,7/20/2020 8:40:48 PM,4,9,3.605371,No,7/20/2020 1:40:48 PM
374,07/20,7/20/2020 8:40:50 PM,4,10,3.611269,No,7/20/2020 1:40:50 PM
374,07/20,7/20/2020 8:40:54 PM,5,1,3.59595,No,7/20/2020 1:40:54 PM
374,07/20,7/20/2020 8:40:57 PM,5,2,3.577493,No,7/20/2020 1:40:57 PM
374,07/20,7/20/2020 8:40:59 PM,5,3,3.589451,No,7/20/2020 1:40:59 PM
374,07/20,7/20/2020 8:41:01 PM,5,4,3.587403,No,7/20/2020 1:41:01 PM
374,07/20,7/20/2020 8:41:03 PM,5,5,3.593324,No,7/20/2020 1:41:03 PM
374,07/20,7/20/2020 8:41:05 PM,5,6,3.582383,No,7/20/2020 1:41:05 PM
374,07/20,7/20/2020 8:41:07 PM,5,7,3.546526,No,7/20/2020 1:41:07 PM
374,07/20,7/20/2020 8:41:09 PM,5,8,3.600791,No,7/20/2020 1:41:09 PM
374,07/20,7/20/2020 8:41:11 PM,5,9,3.597286,No,7/20/2020 1:41:11 PM
374,07/20,7/20/2020 8:41:13 PM,5,10,3.585942,No,7/20/2020 1:41:13 PM
375,07/20,7/20/2020 8:54:41 PM,Practice,1,0.704212,No,7/20/2020 1:54:41 PM
375,07/20,7/20/2020 1:54:43 PM,Practice,2,0.704212,Yes,7/20/2020 1:54:43 PM
375,07/20,7/20/2020 8:54:47 PM,Practice,3,0.5843969,No,7/20/2020 1:54:47 PM
375,07/20,7/20/2020 8:54:50 PM,Practice,4,1.169933,No,7/20/2020 1:54:50 PM
375,07/20,7/20/2020 1:54:53 PM,Practice,5,1.169933,Yes,7/20/2020 1:54:53 PM
375,07/20,7/20/2020 8:54:56 PM,Practice,6,1.125002,No,7/20/2020 1:54:56 PM
375,07/20,7/20/2020 8:55:00 PM,Practice,7,0.9473198,No,7/20/2020 1:55:00 PM
375,07/20,7/20/2020 8:55:03 PM,Practice,8,1.001765,No,7/20/2020 1:55:03 PM
375,07/20,7/20/2020 1:55:06 PM,Practice,9,1.001765,Yes,7/20/2020 1:55:06 PM
375,07/20,7/20/2020 8:55:09 PM,Practice,10,0.9978722,No,7/20/2020 1:55:09 PM
375,07/20,7/20/2020 8:55:25 PM,1,1,1.190742,No,7/20/2020 1:55:25 PM
375,07/20,7/20/2020 8:55:28 PM,1,2,0.382122,No,7/20/2020 1:55:28 PM
375,07/20,7/20/2020 8:55:38 PM,1,3,0.9685994,No,7/20/2020 1:55:38 PM
375,07/20,7/20/2020 8:55:41 PM,1,4,0.2959063,No,7/20/2020 1:55:41 PM
375,07/20,7/20/2020 8:55:47 PM,1,5,1.162928,No,7/20/2020 1:55:47 PM
375,07/20,7/20/2020 8:55:50 PM,1,6,1.042921,No,7/20/2020 1:55:50 PM
375,07/20,7/20/2020 1:55:53 PM,1,7,1.042921,Yes,7/20/2020 1:55:53 PM
375,07/20,7/20/2020 8:55:56 PM,1,8,0.5042078,No,7/20/2020 1:55:56 PM
375,07/20,7/20/2020 8:55:58 PM,1,9,0.2723188,No,7/20/2020 1:55:59 PM
375,07/20,7/20/2020 8:56:01 PM,1,10,0.6078622,No,7/20/2020 1:56:01 PM
376,07/20,7/20/2020 9:06:21 PM,Practice,1,0.893133,No,7/20/2020 2:06:21 PM
376,07/20,7/20/2020 2:06:24 PM,Practice,2,0.893133,Yes,7/20/2020 2:06:24 PM
376,07/20,7/20/2020 9:06:26 PM,Practice,3,0.5129706,No,7/20/2020 2:06:26 PM
376,07/20,7/20/2020 9:06:30 PM,Practice,4,0.4088815,No,7/20/2020 2:06:30 PM
376,07/20,7/20/2020 2:06:33 PM,Practice,5,0.4088815,Yes,7/20/2020 2:06:33 PM
376,07/20,7/20/2020 9:06:35 PM,Practice,6,0.6887808,No,7/20/2020 2:06:35 PM
376,07/20,7/20/2020 2:06:38 PM,Practice,7,0.6887808,Yes,7/20/2020 2:06:38 PM
376,07/20,7/20/2020 9:06:41 PM,Practice,8,1.117865,No,7/20/2020 2:06:41 PM
376,07/20,7/20/2020 2:06:44 PM,Practice,9,1.117865,Yes,7/20/2020 2:06:44 PM
376,07/20,7/20/2020 9:06:47 PM,Practice,10,0.2823114,No,7/20/2020 2:06:47 PM
376,07/20,7/20/2020 9:06:56 PM,1,1,0.3616019,No,7/20/2020 2:06:56 PM
376,07/20,7/20/2020 9:06:59 PM,1,2,0.5801408,No,7/20/2020 2:06:59 PM
376,07/20,7/20/2020 2:07:02 PM,1,3,0.5801408,Yes,7/20/2020 2:07:02 PM
376,07/20,7/20/2020 9:07:04 PM,1,4,0.2838167,No,7/20/2020 2:07:04 PM
376,07/20,7/20/2020 9:07:08 PM,1,5,1.975951,No,7/20/2020 2:07:08 PM
376,07/20,7/20/2020 9:07:12 PM,1,6,0.4901474,No,7/20/2020 2:07:12 PM
376,07/20,7/20/2020 9:07:15 PM,1,7,0.8732132,No,7/20/2020 2:07:15 PM
376,07/20,7/20/2020 9:07:18 PM,1,8,1.010247,No,7/20/2020 2:07:18 PM
376,07/20,7/20/2020 2:07:21 PM,1,9,1.010247,Yes,7/20/2020 2:07:21 PM
376,07/20,7/20/2020 9:07:24 PM,1,10,1.023214,No,7/20/2020 2:07:24 PM
377,07/20,7/20/2020 9:16:41 PM,Practice,1,2.667979,No,7/20/2020 2:16:41 PM
377,07/20,7/20/2020 9:16:43 PM,Practice,2,2.667979,No,7/20/2020 2:16:43 PM
377,07/20,7/20/2020 9:16:45 PM,Practice,3,2.667979,No,7/20/2020 2:16:45 PM
377,07/20,7/20/2020 9:16:46 PM,Practice,4,2.667979,No,7/20/2020 2:16:46 PM
377,07/20,7/20/2020 9:16:48 PM,Practice,5,2.667979,No,7/20/2020 2:16:48 PM
377,07/20,7/20/2020 9:16:50 PM,Practice,6,2.667979,No,7/20/2020 2:16:50 PM
377,07/20,7/20/2020 9:16:52 PM,Practice,7,2.667979,No,7/20/2020 2:16:52 PM
377,07/20,7/20/2020 9:16:54 PM,Practice,8,2.667979,No,7/20/2020 2:16:54 PM
377,07/20,7/20/2020 9:16:55 PM,Practice,9,2.667979,No,7/20/2020 2:16:55 PM
377,07/20,7/20/2020 9:16:57 PM,Practice,10,2.667979,No,7/20/2020 2:16:57 PM
377,07/20,7/20/2020 9:17:07 PM,1,1,0.4350927,No,7/20/2020 2:17:07 PM
377,07/20,7/20/2020 9:17:11 PM,1,2,0.9951325,No,7/20/2020 2:17:11 PM
377,07/20,7/20/2020 9:17:14 PM,1,3,0.3974237,No,7/20/2020 2:17:14 PM
377,07/20,7/20/2020 9:17:17 PM,1,4,0.9887759,No,7/20/2020 2:17:17 PM
378,07/20,7/20/2020 9:22:44 PM,Practice,1,0.9412206,No,7/20/2020 2:22:44 PM
378,07/20,7/20/2020 2:22:47 PM,Practice,2,0.9412206,Yes,7/20/2020 2:22:47 PM
378,07/20,7/20/2020 9:22:50 PM,Practice,3,1.175639,No,7/20/2020 2:22:50 PM
378,07/20,7/20/2020 9:22:53 PM,Practice,4,0.9093807,No,7/20/2020 2:22:53 PM
378,07/20,7/20/2020 9:22:56 PM,Practice,5,1.777614,No,7/20/2020 2:22:56 PM
378,07/20,7/20/2020 9:22:58 PM,Practice,6,0.3865379,No,7/20/2020 2:22:58 PM
378,07/20,7/20/2020 9:23:01 PM,Practice,7,0.7720544,No,7/20/2020 2:23:01 PM
378,07/20,7/20/2020 9:23:04 PM,Practice,8,0.2661931,No,7/20/2020 2:23:04 PM
378,07/20,7/20/2020 9:23:07 PM,Practice,9,0.3009726,No,7/20/2020 2:23:07 PM
378,07/20,7/20/2020 9:23:10 PM,Practice,10,1.180944,No,7/20/2020 2:23:10 PM
378,07/20,7/20/2020 9:23:17 PM,1,1,0.2713216,No,7/20/2020 2:23:17 PM
378,07/20,7/20/2020 2:23:20 PM,1,2,0.2713216,Yes,7/20/2020 2:23:20 PM
378,07/20,7/20/2020 9:23:23 PM,1,3,1.27782,No,7/20/2020 2:23:23 PM
378,07/20,7/20/2020 9:23:26 PM,1,4,0.27142,No,7/20/2020 2:23:26 PM
378,07/20,7/20/2020 9:23:29 PM,1,5,1.141158,No,7/20/2020 2:23:29 PM
378,07/20,7/20/2020 9:23:32 PM,1,6,0.3768397,No,7/20/2020 2:23:32 PM
378,07/20,7/20/2020 9:23:35 PM,1,7,0.8113165,No,7/20/2020 2:23:35 PM
378,07/20,7/20/2020 9:23:38 PM,1,8,0.7406139,No,7/20/2020 2:23:38 PM
378,07/20,7/20/2020 9:23:41 PM,1,9,0.3123184,No,7/20/2020 2:23:41 PM
378,07/20,7/20/2020 2:23:43 PM,1,10,0.3123184,Yes,7/20/2020 2:23:44 PM
379,07/20,7/20/2020 9:25:08 PM,Practice,1,0.7826936,No,7/20/2020 2:25:08 PM
379,07/20,7/20/2020 2:25:10 PM,Practice,2,0.7826936,Yes,7/20/2020 2:25:10 PM
379,07/20,7/20/2020 2:25:14 PM,Practice,3,0.7826936,Yes,7/20/2020 2:25:14 PM
379,07/20,7/20/2020 9:25:17 PM,Practice,4,1.030726,No,7/20/2020 2:25:17 PM
379,07/20,7/20/2020 2:25:20 PM,Practice,5,1.030726,Yes,7/20/2020 2:25:20 PM
379,07/20,7/20/2020 9:25:23 PM,Practice,6,1.045035,No,7/20/2020 2:25:23 PM
379,07/20,7/20/2020 2:25:26 PM,Practice,7,1.045035,Yes,7/20/2020 2:25:26 PM
379,07/20,7/20/2020 9:25:29 PM,Practice,8,0.5049396,No,7/20/2020 2:25:29 PM
379,07/20,7/20/2020 2:25:32 PM,Practice,9,0.5049396,Yes,7/20/2020 2:25:32 PM
379,07/20,7/20/2020 9:25:35 PM,Practice,10,0.3146732,No,7/20/2020 2:25:35 PM
379,07/20,7/20/2020 2:25:42 PM,1,1,0.3146732,Yes,7/20/2020 2:25:42 PM
379,07/20,7/20/2020 9:25:45 PM,1,2,1.249628,No,7/20/2020 2:25:45 PM
379,07/20,7/20/2020 9:25:48 PM,1,3,0.74501,No,7/20/2020 2:25:48 PM
379,07/20,7/20/2020 9:25:51 PM,1,4,0.3436253,No,7/20/2020 2:25:51 PM
379,07/20,7/20/2020 9:25:54 PM,1,5,0.4486021,No,7/20/2020 2:25:54 PM
379,07/20,7/20/2020 9:25:57 PM,1,6,1.129022,No,7/20/2020 2:25:57 PM
379,07/20,7/20/2020 2:26:00 PM,1,7,1.129022,Yes,7/20/2020 2:26:00 PM
379,07/20,7/20/2020 9:26:04 PM,1,8,1.444415,No,7/20/2020 2:26:04 PM
379,07/20,7/20/2020 9:26:06 PM,1,9,0.8769197,No,7/20/2020 2:26:06 PM
379,07/20,7/20/2020 9:26:09 PM,1,10,0.9579306,No,7/20/2020 2:26:09 PM
380,07/20,7/20/2020 2:31:36 PM,Practice,1,0,Yes,7/20/2020 2:31:36 PM
380,07/20,7/20/2020 9:31:39 PM,Practice,2,0.7372397,No,7/20/2020 2:31:39 PM
380,07/20,7/20/2020 2:31:42 PM,Practice,3,0.7372397,Yes,7/20/2020 2:31:42 PM
380,07/20,7/20/2020 9:31:45 PM,Practice,4,1.250485,No,7/20/2020 2:31:45 PM
380,07/20,7/20/2020 2:31:48 PM,Practice,5,1.250485,Yes,7/20/2020 2:31:48 PM
380,07/20,7/20/2020 2:31:51 PM,Practice,6,1.250485,Yes,7/20/2020 2:31:51 PM
380,07/20,7/20/2020 2:31:53 PM,Practice,7,1.250485,Yes,7/20/2020 2:31:53 PM
380,07/20,7/20/2020 9:31:56 PM,Practice,8,0.4683845,No,7/20/2020 2:31:56 PM
380,07/20,7/20/2020 9:31:59 PM,Practice,9,1.23663,No,7/20/2020 2:31:59 PM
380,07/20,7/20/2020 2:32:02 PM,Practice,10,1.23663,Yes,7/20/2020 2:32:02 PM
380,07/20,7/20/2020 9:32:07 PM,1,1,0.7902564,No,7/20/2020 2:32:07 PM
380,07/20,7/20/2020 2:32:09 PM,1,2,0.7902564,Yes,7/20/2020 2:32:09 PM
380,07/20,7/20/2020 9:32:12 PM,1,3,1.378228,No,7/20/2020 2:32:12 PM
380,07/20,7/20/2020 2:32:15 PM,1,4,1.378228,Yes,7/20/2020 2:32:15 PM
380,07/20,7/20/2020 9:32:18 PM,1,5,1.009871,No,7/20/2020 2:32:18 PM
380,07/20,7/20/2020 9:32:21 PM,1,6,0.5721477,No,7/20/2020 2:32:21 PM
380,07/20,7/20/2020 9:32:24 PM,1,7,0.4026913,No,7/20/2020 2:32:24 PM
380,07/20,7/20/2020 2:32:27 PM,1,8,0.4026913,Yes,7/20/2020 2:32:27 PM
380,07/20,7/20/2020 2:32:30 PM,1,9,0.4026913,Yes,7/20/2020 2:32:30 PM
380,07/20,7/20/2020 9:32:32 PM,1,10,0.9225198,No,7/20/2020 2:32:32 PM
380,07/20,7/20/2020 9:32:38 PM,2,1,0.3814218,No,7/20/2020 2:32:38 PM
380,07/20,7/20/2020 9:32:41 PM,2,2,0.7109419,No,7/20/2020 2:32:41 PM
380,07/20,7/20/2020 2:32:44 PM,2,3,0.7109419,Yes,7/20/2020 2:32:44 PM
380,07/20,7/20/2020 9:32:47 PM,2,4,0.7538617,No,7/20/2020 2:32:47 PM
380,07/20,7/20/2020 9:32:50 PM,2,5,1.573962,No,7/20/2020 2:32:50 PM
380,07/20,7/20/2020 9:32:54 PM,2,6,0.8954684,No,7/20/2020 2:32:54 PM
380,07/20,7/20/2020 9:32:58 PM,2,7,1.093177,No,7/20/2020 2:32:58 PM
380,07/20,7/20/2020 9:33:01 PM,2,8,0.2723798,No,7/20/2020 2:33:01 PM
380,07/20,7/20/2020 9:33:04 PM,2,9,0.3282187,No,7/20/2020 2:33:04 PM
380,07/20,7/20/2020 9:33:07 PM,2,10,0.5885893,No,7/20/2020 2:33:07 PM
380,07/20,7/20/2020 9:33:15 PM,3,1,1.137038,No,7/20/2020 2:33:15 PM
380,07/20,7/20/2020 9:33:18 PM,3,2,0.4214197,No,7/20/2020 2:33:18 PM
380,07/20,7/20/2020 9:33:21 PM,3,3,1.267245,No,7/20/2020 2:33:21 PM
380,07/20,7/20/2020 9:33:23 PM,3,4,0.7121354,No,7/20/2020 2:33:23 PM
380,07/20,7/20/2020 9:33:26 PM,3,5,1.389074,No,7/20/2020 2:33:26 PM
380,07/20,7/20/2020 9:33:29 PM,3,6,1.112969,No,7/20/2020 2:33:29 PM
380,07/20,7/20/2020 9:33:32 PM,3,7,0.8552619,No,7/20/2020 2:33:32 PM
380,07/20,7/20/2020 9:33:36 PM,3,8,0.558908,No,7/20/2020 2:33:36 PM
380,07/20,7/20/2020 9:33:39 PM,3,9,0.6965929,No,7/20/2020 2:33:39 PM
380,07/20,7/20/2020 9:33:41 PM,3,10,0.3510268,No,7/20/2020 2:33:41 PM
380,07/20,7/20/2020 9:33:48 PM,4,1,1.193271,No,7/20/2020 2:33:48 PM
380,07/20,7/20/2020 9:33:52 PM,4,2,1.276865,No,7/20/2020 2:33:52 PM
380,07/20,7/20/2020 9:33:55 PM,4,3,0.9505,No,7/20/2020 2:33:55 PM
380,07/20,7/20/2020 9:33:58 PM,4,4,0.2778556,No,7/20/2020 2:33:58 PM
380,07/20,7/20/2020 9:34:02 PM,4,5,1.227415,No,7/20/2020 2:34:02 PM
380,07/20,7/20/2020 9:34:05 PM,4,6,0.9076589,No,7/20/2020 2:34:05 PM
380,07/20,7/20/2020 9:34:08 PM,4,7,1.726795,No,7/20/2020 2:34:08 PM
380,07/20,7/20/2020 9:34:12 PM,4,8,1.57285,No,7/20/2020 2:34:12 PM
380,07/20,7/20/2020 9:34:14 PM,4,9,0.2841098,No,7/20/2020 2:34:14 PM
380,07/20,7/20/2020 9:34:17 PM,4,10,0.6398432,No,7/20/2020 2:34:17 PM
381,07/20,7/20/2020 9:38:33 PM,Practice,1,0.6889191,No,7/20/2020 2:38:33 PM
381,07/20,7/20/2020 2:38:35 PM,Practice,2,0.6889191,Yes,7/20/2020 2:38:35 PM
381,07/20,7/20/2020 2:38:38 PM,Practice,3,0.6889191,Yes,7/20/2020 2:38:38 PM
381,07/20,7/20/2020 2:38:41 PM,Practice,4,0.6889191,Yes,7/20/2020 2:38:41 PM
381,07/20,7/20/2020 2:38:44 PM,Practice,5,0.6889191,Yes,7/20/2020 2:38:44 PM
381,07/20,7/20/2020 9:38:47 PM,Practice,6,1.338685,No,7/20/2020 2:38:47 PM
388,07/20,7/20/2020 10:21:40 PM,Practice,1,0.2701395,No,7/20/2020 3:21:40 PM
388,07/20,7/20/2020 10:21:42 PM,Practice,2,1.848341,No,7/20/2020 3:21:42 PM
388,07/20,7/20/2020 10:21:44 PM,Practice,3,1.858742,No,7/20/2020 3:21:44 PM
388,07/20,7/20/2020 10:21:46 PM,Practice,4,1.742247,No,7/20/2020 3:21:46 PM
388,07/20,7/20/2020 10:21:49 PM,Practice,5,1.807887,No,7/20/2020 3:21:49 PM
388,07/20,7/20/2020 10:21:51 PM,Practice,6,1.71185,No,7/20/2020 3:21:51 PM
388,07/20,7/20/2020 10:21:53 PM,Practice,7,1.724324,No,7/20/2020 3:21:53 PM
388,07/20,7/20/2020 10:21:55 PM,Practice,8,1.619923,No,7/20/2020 3:21:55 PM
388,07/20,7/20/2020 10:21:57 PM,Practice,9,1.691711,No,7/20/2020 3:21:57 PM
388,07/20,7/20/2020 10:21:59 PM,Practice,10,1.639348,No,7/20/2020 3:21:59 PM
388,07/20,7/20/2020 10:22:06 PM,4,1,3.05602,No,7/20/2020 3:22:06 PM
388,07/20,7/20/2020 10:22:08 PM,4,2,3.207879,No,7/20/2020 3:22:08 PM
388,07/20,7/20/2020 10:22:10 PM,4,3,3.190204,No,7/20/2020 3:22:10 PM
388,07/20,7/20/2020 10:22:12 PM,4,4,3.160032,No,7/20/2020 3:22:12 PM
388,07/20,7/20/2020 10:22:14 PM,4,5,3.154893,No,7/20/2020 3:22:14 PM
388,07/20,7/20/2020 10:22:16 PM,4,6,3.176043,No,7/20/2020 3:22:16 PM
388,07/20,7/20/2020 10:22:18 PM,4,7,3.218944,No,7/20/2020 3:22:18 PM
388,07/20,7/20/2020 10:22:21 PM,4,8,3.276925,No,7/20/2020 3:22:21 PM
388,07/20,7/20/2020 10:22:23 PM,4,9,3.271503,No,7/20/2020 3:22:23 PM
388,07/20,7/20/2020 10:22:25 PM,4,10,3.179238,No,7/20/2020 3:22:25 PM
389,07/20,7/20/2020 10:26:02 PM,Practice,1,0.9108016,No,7/20/2020 3:26:02 PM
389,07/20,7/20/2020 10:26:18 PM,1,1,1.205154,No,7/20/2020 3:26:18 PM
389,07/20,7/20/2020 10:26:29 PM,2,1,0.3415122,No,7/20/2020 3:26:29 PM
390,07/20,7/20/2020 3:35:48 PM,Practice,1,0,Yes,7/20/2020 3:35:48 PM
390,07/20,7/20/2020 10:35:54 PM,1,1,1.460653,No,7/20/2020 3:35:54 PM
390,07/20,7/20/2020 10:36:01 PM,2,1,0.3504293,No,7/20/2020 3:36:01 PM
391,07/20,7/20/2020 3:39:10 PM,Practice,1,0,Yes,7/20/2020 3:39:10 PM
391,07/20,7/20/2020 3:39:14 PM,1,1,0,Yes,7/20/2020 3:39:14 PM
391,07/20,7/20/2020 10:39:20 PM,2,1,2.212664,No,7/20/2020 3:39:20 PM
391,07/20,7/20/2020 3:39:26 PM,3,1,2.212664,Yes,7/20/2020 3:39:26 PM
391,07/20,7/20/2020 10:39:32 PM,4,1,0.3595298,No,7/20/2020 3:39:32 PM
391,07/20,7/20/2020 10:39:39 PM,5,1,0.6087465,No,7/20/2020 3:39:39 PM
411,07/20,7/20/2020 4:25:58 PM,Practice,1,0,Yes,7/20/2020 4:25:58 PM
411,07/20,7/20/2020 11:26:02 PM,1,1,0.5373943,No,7/20/2020 4:26:02 PM
411,07/20,7/20/2020 11:26:06 PM,2,1,1.397676,No,7/20/2020 4:26:06 PM
411,07/20,7/20/2020 11:26:12 PM,3,1,1.27072,No,7/20/2020 4:26:12 PM
411,07/20,7/20/2020 11:26:17 PM,4,1,0.8146005,No,7/20/2020 4:26:17 PM
411,07/20,7/20/2020 11:26:23 PM,5,1,0.8695352,No,7/20/2020 4:26:23 PM
411,07/20,7/20/2020 4:26:30 PM,3,1,0.8695352,Yes,7/20/2020 4:26:30 PM
416,07/20,7/20/2020 11:31:35 PM,Practice,1,0.9903331,No,7/20/2020 4:31:35 PM
417,07/20,7/20/2020 11:32:29 PM,Practice,1,0.4022866,No,7/20/2020 4:32:29 PM
419,07/20,7/20/2020 11:33:26 PM,Practice,1,0.9244198,No,7/20/2020 4:33:26 PM
423,07/20,7/20/2020 11:48:53 PM,Practice,1,0.2887824,No,7/20/2020 4:48:53 PM
423,07/20,7/20/2020 11:48:57 PM,1,1,1.148954,No,7/20/2020 4:48:57 PM
423,07/20,7/20/2020 11:49:03 PM,2,1,0.4558569,No,7/20/2020 4:49:03 PM
423,07/20,7/20/2020 11:49:09 PM,3,1,0.3298137,No,7/20/2020 4:49:09 PM
423,07/20,7/20/2020 11:49:14 PM,4,1,0.8761836,No,7/20/2020 4:49:14 PM
423,07/20,7/20/2020 11:49:19 PM,5,1,0.3388243,No,7/20/2020 4:49:19 PM
423,07/20,7/20/2020 4:49:24 PM,3,1,0.3388243,Yes,7/20/2020 4:49:24 PM
424,07/20,7/20/2020 11:50:28 PM,Practice,1,1.238083,No,7/20/2020 4:50:28 PM
424,07/20,7/20/2020 11:50:32 PM,1,1,1.030088,No,7/20/2020 4:50:32 PM
425,07/20,7/20/2020 11:51:06 PM,Practice,1,0.3996155,No,7/20/2020 4:51:06 PM
425,07/20,7/20/2020 11:51:09 PM,1,1,0.5574908,No,7/20/2020 4:51:09 PM
425,07/20,7/20/2020 11:51:15 PM,2,1,0.4808895,No,7/20/2020 4:51:15 PM
425,07/20,7/20/2020 11:51:21 PM,3,1,0.4762095,No,7/20/2020 4:51:21 PM
425,07/20,7/20/2020 11:51:27 PM,4,1,1.870168,No,7/20/2020 4:51:27 PM
425,07/20,7/20/2020 11:51:56 PM,5,1,0.9717472,No,7/20/2020 4:51:56 PM
425,07/20,7/20/2020 11:52:11 PM,1,1,1.113162,No,7/20/2020 4:52:11 PM
426,07/20,7/20/2020 11:52:38 PM,Practice,1,1.474512,No,7/20/2020 4:52:38 PM
426,07/20,7/20/2020 11:52:42 PM,1,1,2.140728,No,7/20/2020 4:52:42 PM
426,07/20,7/20/2020 11:52:57 PM,2,1,1.139841,No,7/20/2020 4:52:57 PM
426,07/20,7/20/2020 11:53:05 PM,3,1,3.076927,No,7/20/2020 4:53:05 PM
426,07/20,7/20/2020 11:53:14 PM,4,1,0.7655106,No,7/20/2020 4:53:14 PM
427,07/20,7/20/2020 5:01:35 PM,Practice,1,0,Yes,7/20/2020 5:01:35 PM
428,07/20,7/21/2020 12:03:02 AM,Practice,1,0.8845823,No,7/20/2020 5:03:02 PM
429,07/20,7/21/2020 12:04:35 AM,Practice,1,0.244096,No,7/20/2020 5:04:35 PM
429,07/20,7/21/2020 12:04:40 AM,1,1,0.6385568,No,7/20/2020 5:04:40 PM
430,07/20,7/20/2020 5:10:52 PM,Practice,1,0,Yes,7/20/2020 5:10:52 PM
430,07/20,7/21/2020 12:11:03 AM,1,1,0.8310552,No,7/20/2020 5:11:03 PM
431,07/20,7/20/2020 5:14:18 PM,Practice,1,0,Yes,7/20/2020 5:14:18 PM
431,07/20,7/21/2020 12:14:22 AM,1,1,0.330759,No,7/20/2020 5:14:22 PM
431,07/20,7/20/2020 5:14:29 PM,2,1,0.330759,Yes,7/20/2020 5:14:29 PM
431,07/20,7/21/2020 12:14:35 AM,3,1,0.2545697,No,7/20/2020 5:14:35 PM
431,07/20,7/21/2020 12:14:40 AM,4,1,0.6934268,No,7/20/2020 5:14:40 PM
432,07/20,7/21/2020 12:23:17 AM,Practice,1,2.23034,No,7/20/2020 5:23:17 PM
432,07/20,7/21/2020 12:23:22 AM,1,1,1.877019,No,7/20/2020 5:23:22 PM
433,07/20,7/21/2020 12:27:33 AM,Practice,1,1.799311,No,7/20/2020 5:27:33 PM
433,07/20,7/21/2020 12:27:37 AM,2,1,2.884385,No,7/20/2020 5:27:37 PM
433,07/20,7/21/2020 12:28:16 AM,1,1,1.415917,No,7/20/2020 5:28:16 PM
434,07/20,7/21/2020 12:31:31 AM,Practice,1,1.661101,No,7/20/2020 5:31:31 PM
435,07/20,7/21/2020 12:32:56 AM,Practice,1,0.3562951,No,7/20/2020 5:32:56 PM
435,07/20,7/20/2020 5:32:59 PM,1,1,0.3562951,Yes,7/20/2020 5:32:59 PM
436,07/20,7/21/2020 12:36:49 AM,Practice,1,1.159865,No,7/20/2020 5:36:49 PM
437,07/20,7/20/2020 5:37:45 PM,Practice,1,0,Yes,7/20/2020 5:37:45 PM
437,07/20,7/21/2020 12:37:49 AM,1,1,1.413247,No,7/20/2020 5:37:49 PM
438,07/20,7/20/2020 5:38:50 PM,Practice,1,0,Yes,7/20/2020 5:38:50 PM
438,07/20,7/21/2020 12:38:54 AM,1,1,0.7017871,No,7/20/2020 5:38:54 PM
438,07/20,7/21/2020 12:39:00 AM,2,1,2.006852,No,7/20/2020 5:39:00 PM
439,07/20,7/21/2020 1:02:11 AM,Practice,1,0.740132,No,7/20/2020 6:02:11 PM
439,07/20,7/21/2020 1:02:15 AM,1,1,1.084302,No,7/20/2020 6:02:15 PM
439,07/20,7/21/2020 1:02:23 AM,2,1,0.5700719,No,7/20/2020 6:02:23 PM
439,07/20,7/21/2020 1:02:29 AM,3,1,0.2989791,No,7/20/2020 6:02:29 PM
439,07/20,7/21/2020 1:02:34 AM,4,1,1.179682,No,7/20/2020 6:02:34 PM
440,07/20,7/20/2020 6:11:43 PM,Practice,1,0,Yes,7/20/2020 6:11:43 PM
440,07/20,7/21/2020 1:11:48 AM,2,1,0.9034282,No,7/20/2020 6:11:48 PM
440,07/20,7/21/2020 1:11:53 AM,1,1,2.309505,No,7/20/2020 6:11:53 PM
440,07/20,7/21/2020 1:11:59 AM,3,1,1.085324,No,7/20/2020 6:11:59 PM
440,07/20,7/21/2020 1:12:04 AM,4,1,0.8801283,No,7/20/2020 6:12:04 PM
440,07/20,7/21/2020 1:12:10 AM,5,1,0.7859703,No,7/20/2020 6:12:10 PM
440,07/20,7/21/2020 1:12:16 AM,2,1,1.430519,No,7/20/2020 6:12:16 PM
441,07/20,7/21/2020 1:14:30 AM,Practice,1,0.8438073,No,7/20/2020 6:14:30 PM
441,07/20,7/21/2020 1:14:35 AM,1,1,0.7401143,No,7/20/2020 6:14:35 PM
441,07/20,7/20/2020 6:14:43 PM,2,1,0.7401143,Yes,7/20/2020 6:14:43 PM
441,07/20,7/21/2020 1:14:48 AM,3,1,2.479436,No,7/20/2020 6:14:48 PM
443,07/20,7/21/2020 1:19:16 AM,Practice,1,1.58978,No,7/20/2020 6:19:16 PM
443,07/20,7/21/2020 1:19:20 AM,1,1,0.6891406,No,7/20/2020 6:19:20 PM
443,07/20,7/21/2020 1:19:28 AM,2,1,0.28417,No,7/20/2020 6:19:28 PM
443,07/20,7/21/2020 1:19:33 AM,3,1,1.113601,No,7/20/2020 6:19:33 PM
443,07/20,7/21/2020 1:19:38 AM,4,1,0.5427516,No,7/20/2020 6:19:38 PM
443,07/20,7/21/2020 1:19:43 AM,5,1,0.6635228,No,7/20/2020 6:19:43 PM
443,07/20,7/21/2020 1:19:48 AM,1,1,0.8586081,No,7/20/2020 6:19:48 PM
444,07/20,7/21/2020 1:20:03 AM,Practice,1,0.8996183,No,7/20/2020 6:20:03 PM
444,07/20,7/20/2020 6:20:07 PM,1,1,0.8996183,Yes,7/20/2020 6:20:07 PM
444,07/20,7/21/2020 1:20:12 AM,2,1,0.2730184,No,7/20/2020 6:20:12 PM
444,07/20,7/21/2020 1:20:17 AM,3,1,0.4293941,No,7/20/2020 6:20:17 PM
444,07/20,7/21/2020 1:20:22 AM,4,1,0.319097,No,7/20/2020 6:20:22 PM
445,07/20,7/20/2020 6:20:36 PM,Practice,1,0,Yes,7/20/2020 6:20:36 PM
445,07/20,7/21/2020 1:20:41 AM,1,1,1.147737,No,7/20/2020 6:20:41 PM
445,07/20,7/21/2020 1:20:46 AM,2,1,1.708367,No,7/20/2020 6:20:46 PM
447,07/20,7/20/2020 6:34:24 PM,Practice,1,0,Yes,7/20/2020 6:34:24 PM
447,07/20,7/20/2020 6:34:28 PM,1,1,0,Yes,7/20/2020 6:34:28 PM
447,07/20,7/21/2020 1:34:32 AM,2,1,0.3323296,No,7/20/2020 6:34:32 PM
448,07/20,7/20/2020 6:43:13 PM,Practice,1,0,Yes,7/20/2020 6:43:13 PM
448,07/20,7/21/2020 1:43:17 AM,1,1,0.7842585,No,7/20/2020 6:43:17 PM
448,07/20,7/21/2020 1:43:24 AM,2,1,0.4511429,No,7/20/2020 6:43:24 PM
449,07/20,7/20/2020 6:45:08 PM,Practice,1,0,Yes,7/20/2020 6:45:08 PM
449,07/20,7/20/2020 6:45:11 PM,1,1,0,Yes,7/20/2020 6:45:11 PM
449,07/20,7/21/2020 1:45:17 AM,2,1,0.262842,No,7/20/2020 6:45:17 PM
449,07/20,7/20/2020 6:45:21 PM,3,1,0.262842,Yes,7/20/2020 6:45:21 PM
449,07/20,7/21/2020 1:45:26 AM,4,1,2.127611,No,7/20/2020 6:45:26 PM
449,07/20,7/20/2020 6:45:31 PM,5,1,2.127611,Yes,7/20/2020 6:45:31 PM
450,07/20,7/20/2020 6:47:34 PM,Practice,1,0,Yes,7/20/2020 6:47:34 PM
450,07/20,7/20/2020 6:47:37 PM,1,1,0,Yes,7/20/2020 6:47:37 PM
450,07/20,7/21/2020 1:47:45 AM,2,1,0.8303651,No,7/20/2020 6:47:45 PM
450,07/20,7/21/2020 1:47:49 AM,3,1,0.666636,No,7/20/2020 6:47:49 PM
450,07/20,7/21/2020 1:47:55 AM,4,1,0.5746644,No,7/20/2020 6:47:55 PM
450,07/20,7/21/2020 1:48:00 AM,5,1,1.143759,No,7/20/2020 6:48:00 PM
451,07/20,7/20/2020 6:49:04 PM,Practice,1,0,Yes,7/20/2020 6:49:04 PM
451,07/20,7/21/2020 1:49:08 AM,1,1,1.079201,No,7/20/2020 6:49:08 PM
451,07/20,7/21/2020 1:49:12 AM,2,1,0.2486665,No,7/20/2020 6:49:12 PM
451,07/20,7/21/2020 1:49:18 AM,3,1,0.552283,No,7/20/2020 6:49:18 PM
451,07/20,7/21/2020 1:49:23 AM,4,1,0.3697286,No,7/20/2020 6:49:23 PM
452,07/20,7/21/2020 1:56:27 AM,Practice,1,1.385949,No,7/20/2020 6:56:27 PM
452,07/20,7/20/2020 6:56:31 PM,1,1,1.385949,Yes,7/20/2020 6:56:31 PM
452,07/20,7/21/2020 1:56:37 AM,2,1,0.4516691,No,7/20/2020 6:56:37 PM
452,07/20,7/20/2020 6:56:41 PM,3,1,0.4516691,Yes,7/20/2020 6:56:41 PM
452,07/20,7/21/2020 1:56:46 AM,4,1,0.6686352,No,7/20/2020 6:56:46 PM
452,07/20,7/21/2020 1:56:51 AM,5,1,0.5996446,No,7/20/2020 6:56:51 PM
452,07/20,7/21/2020 1:56:56 AM,1,1,0.2606875,No,7/20/2020 6:56:56 PM
455,07/22,7/22/2020 10:23:11 PM,Practice,1,0.9093121,No,7/22/2020 3:23:11 PM
455,07/22,7/22/2020 10:23:16 PM,Practice,2,1.152175,No,7/22/2020 3:23:16 PM
455,07/22,7/22/2020 10:23:19 PM,Practice,3,0.9169472,No,7/22/2020 3:23:19 PM
455,07/22,7/22/2020 3:23:23 PM,Practice,4,0.9169472,Yes,7/22/2020 3:23:23 PM
455,07/22,7/22/2020 10:23:26 PM,Practice,5,0.771898,No,7/22/2020 3:23:26 PM
455,07/22,7/22/2020 10:23:30 PM,Practice,6,0.2838093,No,7/22/2020 3:23:30 PM
455,07/22,7/22/2020 10:23:33 PM,Practice,7,1.049387,No,7/22/2020 3:23:33 PM
455,07/22,7/22/2020 3:23:37 PM,Practice,8,1.049387,Yes,7/22/2020 3:23:37 PM
455,07/22,7/22/2020 3:23:40 PM,Practice,9,1.049387,Yes,7/22/2020 3:23:40 PM
455,07/22,7/22/2020 10:23:44 PM,Practice,10,1.935535,No,7/22/2020 3:23:44 PM
455,07/22,7/22/2020 3:23:51 PM,1,1,1.935535,Yes,7/22/2020 3:23:51 PM
455,07/22,7/22/2020 10:23:54 PM,1,2,1.53524,No,7/22/2020 3:23:54 PM
456,07/22,7/22/2020 3:29:57 PM,Practice,1,0,Yes,7/22/2020 3:29:57 PM
456,07/22,7/22/2020 10:29:59 PM,Practice,2,1.412639,No,7/22/2020 3:29:59 PM
456,07/22,7/22/2020 10:30:23 PM,Practice,3,2.207635,No,7/22/2020 3:30:23 PM
456,07/22,7/22/2020 10:30:26 PM,Practice,4,1.71622,No,7/22/2020 3:30:26 PM
456,07/22,7/22/2020 10:30:29 PM,Practice,5,1.716821,No,7/22/2020 3:30:29 PM
456,07/22,7/22/2020 10:30:33 PM,Practice,6,0.4769514,No,7/22/2020 3:30:33 PM
456,07/22,7/22/2020 3:30:35 PM,Practice,7,0.4769514,Yes,7/22/2020 3:30:35 PM
456,07/22,7/22/2020 3:30:38 PM,Practice,8,0.4769514,Yes,7/22/2020 3:30:38 PM
456,07/22,7/22/2020 10:30:41 PM,Practice,9,0.8487839,No,7/22/2020 3:30:41 PM
456,07/22,7/22/2020 10:30:45 PM,Practice,10,1.760424,No,7/22/2020 3:30:45 PM
456,07/22,7/22/2020 10:30:48 PM,1,1,2.425349,No,7/22/2020 3:30:48 PM
456,07/22,7/22/2020 3:30:51 PM,1,2,2.425349,Yes,7/22/2020 3:30:51 PM
456,07/22,7/22/2020 3:30:54 PM,1,3,2.425349,Yes,7/22/2020 3:30:54 PM
456,07/22,7/22/2020 10:30:57 PM,1,4,1.008786,No,7/22/2020 3:30:57 PM
456,07/22,7/22/2020 10:31:00 PM,1,5,0.3041046,No,7/22/2020 3:31:00 PM
456,07/22,7/22/2020 3:31:03 PM,1,6,0.3041046,Yes,7/22/2020 3:31:03 PM
456,07/22,7/22/2020 3:31:06 PM,1,7,0.3041046,Yes,7/22/2020 3:31:06 PM
456,07/22,7/22/2020 10:31:11 PM,1,8,1.119842,No,7/22/2020 3:31:11 PM
456,07/22,7/22/2020 10:31:16 PM,1,9,1.374069,No,7/22/2020 3:31:16 PM
456,07/22,7/22/2020 3:31:19 PM,1,10,1.374069,Yes,7/22/2020 3:31:19 PM
456,07/22,7/22/2020 3:31:21 PM,1,11,1.374069,Yes,7/22/2020 3:31:21 PM
456,07/22,7/22/2020 10:31:24 PM,1,12,1.178652,No,7/22/2020 3:31:24 PM
456,07/22,7/22/2020 3:31:27 PM,1,13,1.178652,Yes,7/22/2020 3:31:27 PM
456,07/22,7/22/2020 3:31:34 PM,1,14,1.178652,Yes,7/22/2020 3:31:34 PM
456,07/22,7/22/2020 10:31:37 PM,1,15,0.7566511,No,7/22/2020 3:31:37 PM
456,07/22,7/22/2020 3:31:40 PM,1,16,0.7566511,Yes,7/22/2020 3:31:40 PM
456,07/22,7/22/2020 10:31:43 PM,1,17,0.3215145,No,7/22/2020 3:31:43 PM
456,07/22,7/22/2020 10:31:46 PM,1,18,1.245656,No,7/22/2020 3:31:46 PM
456,07/22,7/22/2020 3:31:49 PM,1,19,1.245656,Yes,7/22/2020 3:31:49 PM
456,07/22,7/22/2020 10:31:53 PM,1,20,1.127398,No,7/22/2020 3:31:53 PM
456,07/22,7/22/2020 10:31:56 PM,1,21,1.286766,No,7/22/2020 3:31:56 PM
456,07/22,7/22/2020 3:31:59 PM,1,22,1.286766,Yes,7/22/2020 3:31:59 PM
456,07/22,7/22/2020 10:32:01 PM,1,23,1.151479,No,7/22/2020 3:32:01 PM
456,07/22,7/22/2020 3:32:04 PM,1,24,1.151479,Yes,7/22/2020 3:32:04 PM
456,07/22,7/22/2020 10:32:07 PM,1,25,0.6958783,No,7/22/2020 3:32:07 PM
456,07/22,7/22/2020 10:32:10 PM,1,26,1.434189,No,7/22/2020 3:32:10 PM
456,07/22,7/22/2020 3:32:13 PM,1,27,1.434189,Yes,7/22/2020 3:32:13 PM
456,07/22,7/22/2020 10:32:16 PM,1,28,0.9394859,No,7/22/2020 3:32:16 PM
456,07/22,7/22/2020 10:32:19 PM,1,29,0.3429825,No,7/22/2020 3:32:19 PM
456,07/22,7/22/2020 10:32:22 PM,1,30,1.215042,No,7/22/2020 3:32:22 PM
457,07/22,7/22/2020 10:34:16 PM,Practice,1,0.3192989,No,7/22/2020 3:34:16 PM
457,07/22,7/22/2020 10:34:19 PM,Practice,2,0.9962689,No,7/22/2020 3:34:19 PM
457,07/22,7/22/2020 10:34:22 PM,Practice,3,0.7209663,No,7/22/2020 3:34:22 PM
457,07/22,7/22/2020 10:34:25 PM,Practice,4,1.18884,No,7/22/2020 3:34:25 PM
457,07/22,7/22/2020 10:34:28 PM,Practice,5,1.407223,No,7/22/2020 3:34:28 PM
457,07/22,7/22/2020 10:34:30 PM,Practice,6,0.3410459,No,7/22/2020 3:34:30 PM
457,07/22,7/22/2020 3:34:34 PM,Practice,7,0.3410459,Yes,7/22/2020 3:34:34 PM
457,07/22,7/22/2020 3:34:37 PM,Practice,8,0.3410459,Yes,7/22/2020 3:34:37 PM
457,07/22,7/22/2020 3:34:39 PM,Practice,9,0.3410459,Yes,7/22/2020 3:34:39 PM
457,07/22,7/22/2020 10:34:42 PM,Practice,10,1.333061,No,7/22/2020 3:34:42 PM
457,07/22,7/22/2020 3:34:49 PM,1,1,1.333061,Yes,7/22/2020 3:34:49 PM
457,07/22,7/22/2020 3:34:51 PM,1,2,1.333061,Yes,7/22/2020 3:34:51 PM
